y_true,y_pred
sngan,sngan
cramergan,real
real,mmdgan
cramergan,mmdgan
mmdgan,cramergan
real,real
cramergan,cramergan
mmdgan,cramergan
cramergan,cramergan
sngan,sngan
mmdgan,real
sngan,sngan
real,progan
sngan,sngan
cramergan,mmdgan
mmdgan,progan
sngan,sngan
real,progan
real,mmdgan
progan,progan
real,cramergan
cramergan,mmdgan
progan,progan
cramergan,sngan
mmdgan,cramergan
progan,real
mmdgan,progan
real,mmdgan
progan,progan
real,sngan
real,sngan
real,progan
mmdgan,real
real,cramergan
real,mmdgan
progan,real
progan,real
cramergan,mmdgan
sngan,sngan
cramergan,real
progan,mmdgan
sngan,sngan
progan,cramergan
mmdgan,real
real,mmdgan
sngan,sngan
mmdgan,mmdgan
mmdgan,mmdgan
real,cramergan
sngan,sngan
cramergan,cramergan
mmdgan,progan
sngan,sngan
real,progan
real,cramergan
cramergan,real
sngan,sngan
real,real
cramergan,sngan
cramergan,progan
sngan,sngan
cramergan,cramergan
sngan,sngan
progan,mmdgan
sngan,sngan
progan,progan
real,mmdgan
real,progan
real,cramergan
progan,cramergan
cramergan,progan
cramergan,progan
real,mmdgan
cramergan,mmdgan
mmdgan,sngan
real,sngan
sngan,sngan
sngan,sngan
progan,progan
real,cramergan
real,mmdgan
mmdgan,real
mmdgan,mmdgan
progan,progan
mmdgan,sngan
cramergan,cramergan
sngan,sngan
mmdgan,real
cramergan,mmdgan
progan,progan
mmdgan,cramergan
real,progan
progan,cramergan
mmdgan,progan
progan,progan
cramergan,sngan
sngan,sngan
real,sngan
sngan,sngan
mmdgan,progan
mmdgan,sngan
progan,real
cramergan,progan
real,real
cramergan,real
progan,progan
real,progan
cramergan,sngan
cramergan,progan
mmdgan,mmdgan
mmdgan,progan
real,progan
real,cramergan
sngan,sngan
progan,sngan
sngan,sngan
progan,sngan
sngan,sngan
mmdgan,progan
sngan,sngan
progan,mmdgan
cramergan,progan
sngan,sngan
mmdgan,progan
sngan,sngan
cramergan,cramergan
mmdgan,sngan
cramergan,progan
progan,progan
sngan,sngan
progan,progan
mmdgan,cramergan
cramergan,progan
sngan,sngan
progan,sngan
real,real
sngan,sngan
progan,real
real,mmdgan
sngan,sngan
real,progan
mmdgan,sngan
sngan,sngan
real,sngan
sngan,sngan
real,sngan
mmdgan,sngan
real,mmdgan
progan,cramergan
progan,cramergan
sngan,sngan
real,progan
mmdgan,mmdgan
sngan,sngan
real,real
real,mmdgan
mmdgan,progan
progan,real
real,progan
real,mmdgan
sngan,sngan
mmdgan,cramergan
progan,progan
sngan,sngan
progan,real
sngan,sngan
sngan,sngan
mmdgan,real
sngan,sngan
progan,cramergan
real,progan
progan,progan
progan,sngan
progan,mmdgan
cramergan,real
progan,sngan
real,cramergan
sngan,sngan
progan,mmdgan
sngan,sngan
progan,mmdgan
progan,sngan
progan,cramergan
sngan,sngan
real,real
sngan,sngan
cramergan,mmdgan
cramergan,cramergan
mmdgan,progan
cramergan,mmdgan
real,cramergan
real,cramergan
mmdgan,sngan
mmdgan,progan
sngan,sngan
progan,mmdgan
real,progan
cramergan,mmdgan
cramergan,progan
cramergan,mmdgan
progan,mmdgan
progan,progan
sngan,sngan
mmdgan,real
cramergan,progan
sngan,sngan
sngan,sngan
sngan,sngan
sngan,sngan
sngan,sngan
mmdgan,cramergan
mmdgan,progan
progan,progan
sngan,sngan
progan,cramergan
progan,cramergan
progan,cramergan
sngan,sngan
sngan,sngan
real,mmdgan
cramergan,progan
sngan,sngan
cramergan,cramergan
sngan,sngan
cramergan,progan
cramergan,cramergan
real,real
real,real
progan,progan
cramergan,mmdgan
sngan,sngan
mmdgan,real
real,progan
sngan,sngan
real,mmdgan
mmdgan,real
sngan,sngan
mmdgan,real
mmdgan,progan
mmdgan,sngan
cramergan,sngan
real,cramergan
progan,sngan
sngan,sngan
progan,cramergan
sngan,sngan
cramergan,mmdgan
sngan,sngan
progan,progan
mmdgan,progan
cramergan,mmdgan
sngan,sngan
progan,sngan
progan,cramergan
sngan,sngan
mmdgan,mmdgan
cramergan,cramergan
real,real
mmdgan,mmdgan
progan,progan
mmdgan,mmdgan
real,progan
cramergan,cramergan
progan,sngan
progan,sngan
cramergan,sngan
real,real
real,cramergan
progan,progan
mmdgan,progan
cramergan,cramergan
sngan,sngan
mmdgan,cramergan
real,progan
sngan,sngan
real,sngan
mmdgan,real
progan,progan
real,real
sngan,sngan
sngan,sngan
mmdgan,mmdgan
progan,mmdgan
progan,real
real,real
mmdgan,real
sngan,sngan
sngan,sngan
progan,mmdgan
cramergan,cramergan
mmdgan,cramergan
real,sngan
mmdgan,cramergan
real,sngan
mmdgan,real
cramergan,progan
sngan,sngan
progan,mmdgan
progan,progan
mmdgan,real
cramergan,progan
real,mmdgan
sngan,sngan
mmdgan,mmdgan
real,mmdgan
real,mmdgan
progan,real
real,progan
real,mmdgan
progan,cramergan
real,real
real,progan
real,progan
sngan,sngan
sngan,sngan
real,sngan
mmdgan,real
mmdgan,progan
progan,mmdgan
cramergan,progan
progan,mmdgan
sngan,sngan
real,mmdgan
sngan,sngan
progan,mmdgan
sngan,sngan
sngan,sngan
sngan,sngan
mmdgan,cramergan
mmdgan,mmdgan
sngan,sngan
cramergan,sngan
mmdgan,mmdgan
sngan,sngan
cramergan,progan
mmdgan,mmdgan
sngan,sngan
mmdgan,mmdgan
progan,cramergan
mmdgan,real
mmdgan,real
mmdgan,cramergan
cramergan,real
real,cramergan
progan,real
cramergan,cramergan
real,progan
sngan,sngan
mmdgan,mmdgan
real,real
cramergan,cramergan
sngan,sngan
progan,real
mmdgan,real
mmdgan,cramergan
sngan,sngan
progan,progan
sngan,sngan
progan,mmdgan
mmdgan,mmdgan
real,progan
sngan,sngan
progan,real
mmdgan,progan
sngan,sngan
real,real
progan,sngan
progan,mmdgan
sngan,sngan
sngan,sngan
progan,cramergan
cramergan,cramergan
cramergan,progan
mmdgan,progan
sngan,sngan
real,mmdgan
mmdgan,cramergan
cramergan,mmdgan
real,real
sngan,sngan
progan,mmdgan
mmdgan,cramergan
real,progan
cramergan,mmdgan
cramergan,progan
progan,real
progan,progan
cramergan,cramergan
cramergan,real
mmdgan,real
mmdgan,cramergan
progan,mmdgan
progan,cramergan
progan,progan
real,mmdgan
cramergan,sngan
cramergan,mmdgan
sngan,sngan
sngan,sngan
real,progan
cramergan,real
progan,cramergan
mmdgan,mmdgan
progan,real
sngan,sngan
mmdgan,mmdgan
sngan,sngan
mmdgan,mmdgan
real,real
real,real
real,progan
mmdgan,sngan
progan,cramergan
sngan,sngan
cramergan,real
mmdgan,progan
progan,sngan
cramergan,cramergan
real,mmdgan
real,mmdgan
progan,sngan
progan,progan
mmdgan,cramergan
mmdgan,cramergan
sngan,sngan
real,sngan
real,sngan
cramergan,cramergan
real,real
progan,mmdgan
sngan,sngan
sngan,sngan
mmdgan,mmdgan
sngan,sngan
real,cramergan
mmdgan,real
sngan,cramergan
progan,mmdgan
sngan,sngan
mmdgan,progan
real,sngan
mmdgan,mmdgan
sngan,sngan
mmdgan,sngan
real,real
cramergan,progan
mmdgan,real
real,cramergan
real,progan
real,sngan
real,cramergan
mmdgan,mmdgan
cramergan,sngan
real,progan
progan,real
sngan,sngan
real,cramergan
real,progan
cramergan,progan
cramergan,progan
real,cramergan
sngan,sngan
progan,real
sngan,sngan
progan,mmdgan
mmdgan,real
sngan,sngan
progan,real
cramergan,mmdgan
mmdgan,mmdgan
cramergan,real
mmdgan,real
sngan,sngan
real,real
progan,mmdgan
real,mmdgan
sngan,sngan
mmdgan,progan
mmdgan,progan
real,real
progan,cramergan
progan,real
sngan,sngan
cramergan,sngan
real,progan
cramergan,progan
real,progan
progan,real
real,progan
sngan,sngan
sngan,sngan
progan,progan
sngan,sngan
sngan,sngan
mmdgan,sngan
real,mmdgan
cramergan,cramergan
sngan,mmdgan
progan,real
sngan,sngan
progan,mmdgan
progan,real
progan,progan
mmdgan,cramergan
progan,progan
real,real
sngan,sngan
progan,sngan
mmdgan,mmdgan
sngan,sngan
progan,mmdgan
real,cramergan
real,sngan
cramergan,progan
progan,mmdgan
sngan,sngan
progan,progan
mmdgan,cramergan
mmdgan,mmdgan
real,cramergan
sngan,sngan
sngan,sngan
real,mmdgan
real,mmdgan
sngan,sngan
mmdgan,mmdgan
progan,mmdgan
progan,cramergan
real,sngan
cramergan,cramergan
real,progan
progan,real
sngan,sngan
progan,cramergan
sngan,sngan
mmdgan,progan
progan,real
cramergan,progan
cramergan,real
real,cramergan
progan,progan
cramergan,cramergan
sngan,sngan
progan,mmdgan
progan,real
cramergan,real
progan,sngan
mmdgan,cramergan
sngan,sngan
real,progan
real,sngan
cramergan,real
progan,cramergan
cramergan,sngan
cramergan,mmdgan
sngan,sngan
real,cramergan
real,sngan
real,progan
mmdgan,progan
progan,progan
mmdgan,mmdgan
cramergan,progan
sngan,sngan
progan,cramergan
cramergan,progan
sngan,sngan
mmdgan,real
cramergan,progan
progan,progan
sngan,sngan
progan,cramergan
cramergan,mmdgan
cramergan,real
progan,progan
progan,progan
sngan,sngan
mmdgan,mmdgan
progan,cramergan
real,real
real,real
progan,sngan
mmdgan,cramergan
progan,progan
progan,progan
real,mmdgan
progan,mmdgan
real,mmdgan
mmdgan,real
sngan,sngan
real,progan
cramergan,mmdgan
sngan,sngan
sngan,sngan
mmdgan,mmdgan
mmdgan,cramergan
mmdgan,mmdgan
progan,real
real,sngan
sngan,sngan
cramergan,real
progan,cramergan
real,real
mmdgan,real
mmdgan,progan
real,mmdgan
cramergan,progan
progan,cramergan
cramergan,mmdgan
real,mmdgan
mmdgan,progan
cramergan,sngan
mmdgan,sngan
progan,progan
mmdgan,real
mmdgan,real
progan,real
progan,progan
cramergan,cramergan
cramergan,cramergan
cramergan,cramergan
real,mmdgan
progan,mmdgan
sngan,sngan
progan,real
